num__area,num__bedrooms,num__bathrooms,num__stories,num__parking,cat__mainroad_yes,cat__guestroom_yes,cat__basement_yes,cat__hotwaterheating_yes,cat__airconditioning_yes,cat__prefarea_yes,cat__furnishingstatus_semi-furnished,cat__furnishingstatus_unfurnished
6000.0,3.0,2.0,4.0,1.0,1.0,0.0,0.0,0.0,1.0,0.0,0.0,0.0
7200.0,3.0,2.0,1.0,3.0,1.0,0.0,1.0,0.0,1.0,0.0,1.0,0.0
3816.0,2.0,1.0,1.0,2.0,1.0,0.0,1.0,0.0,1.0,0.0,0.0,0.0
2610.0,3.0,1.0,2.0,0.0,1.0,0.0,1.0,0.0,0.0,1.0,0.0,1.0
3750.0,3.0,1.0,2.0,0.0,1.0,0.0,0.0,0.0,0.0,0.0,0.0,1.0
5010.0,3.0,1.0,2.0,0.0,1.0,0.0,1.0,0.0,0.0,0.0,1.0,0.0
3850.0,3.0,1.0,2.0,0.0,1.0,0.0,0.0,0.0,0.0,0.0,0.0,1.0
5076.0,3.0,1.0,1.0,0.0,0.0,0.0,0.0,0.0,0.0,0.0,0.0,1.0
3180.0,3.0,1.0,1.0,0.0,0.0,0.0,0.0,0.0,0.0,0.0,0.0,1.0
6020.0,3.0,1.0,1.0,0.0,1.0,0.0,0.0,0.0,0.0,0.0,1.0,0.0
3120.0,3.0,1.0,2.0,0.0,0.0,0.0,1.0,1.0,0.0,0.0,1.0,0.0
7700.0,2.0,1.0,1.0,0.0,1.0,0.0,0.0,0.0,0.0,0.0,0.0,1.0
7000.0,3.0,1.0,1.0,3.0,1.0,0.0,0.0,0.0,0.0,0.0,0.0,0.0
3570.0,3.0,1.0,2.0,0.0,1.0,0.0,1.0,0.0,0.0,0.0,1.0,0.0
3000.0,2.0,1.0,2.0,0.0,1.0,0.0,0.0,0.0,1.0,0.0,0.0,0.0
6450.0,3.0,2.0,1.0,0.0,1.0,1.0,1.0,1.0,0.0,0.0,0.0,1.0
2400.0,3.0,1.0,1.0,0.0,0.0,0.0,0.0,0.0,0.0,0.0,1.0,0.0
5300.0,4.0,2.0,1.0,0.0,1.0,0.0,0.0,0.0,1.0,1.0,0.0,1.0
7424.0,3.0,1.0,1.0,0.0,0.0,0.0,0.0,0.0,0.0,0.0,0.0,1.0
12090.0,4.0,2.0,2.0,2.0,1.0,0.0,0.0,0.0,0.0,1.0,0.0,0.0
7260.0,3.0,2.0,1.0,3.0,1.0,1.0,1.0,0.0,0.0,0.0,0.0,0.0
3000.0,3.0,1.0,2.0,0.0,1.0,0.0,0.0,0.0,0.0,0.0,1.0,0.0
5200.0,3.0,1.0,3.0,0.0,1.0,0.0,0.0,0.0,1.0,0.0,1.0,0.0
8400.0,3.0,1.0,2.0,2.0,1.0,1.0,1.0,0.0,1.0,1.0,0.0,1.0
6525.0,3.0,2.0,4.0,1.0,1.0,0.0,0.0,0.0,0.0,0.0,0.0,0.0
3650.0,3.0,1.0,2.0,0.0,1.0,0.0,0.0,0.0,0.0,0.0,0.0,1.0
3635.0,2.0,1.0,1.0,0.0,0.0,0.0,0.0,0.0,0.0,0.0,0.0,1.0
4000.0,3.0,1.0,1.0,0.0,1.0,0.0,0.0,0.0,0.0,0.0,1.0,0.0
4600.0,2.0,2.0,1.0,2.0,1.0,0.0,0.0,0.0,1.0,0.0,1.0,0.0
5640.0,2.0,1.0,1.0,0.0,0.0,0.0,0.0,0.0,0.0,0.0,1.0,0.0
3520.0,3.0,1.0,2.0,0.0,1.0,0.0,0.0,0.0,0.0,1.0,1.0,0.0
1836.0,2.0,1.0,1.0,0.0,0.0,0.0,1.0,0.0,0.0,0.0,1.0,0.0
3150.0,3.0,1.0,2.0,0.0,1.0,0.0,1.0,0.0,0.0,0.0,0.0,0.0
5680.0,3.0,1.0,2.0,1.0,1.0,1.0,0.0,0.0,1.0,0.0,1.0,0.0
2145.0,3.0,1.0,3.0,1.0,1.0,0.0,0.0,0.0,0.0,1.0,0.0,1.0
8100.0,2.0,1.0,1.0,1.0,1.0,0.0,0.0,0.0,0.0,0.0,0.0,1.0
3930.0,2.0,1.0,1.0,0.0,0.0,0.0,0.0,0.0,0.0,0.0,0.0,1.0
6420.0,3.0,2.0,2.0,1.0,1.0,0.0,0.0,0.0,1.0,1.0,1.0,0.0
4130.0,3.0,2.0,2.0,2.0,1.0,0.0,0.0,0.0,0.0,0.0,1.0,0.0
11440.0,4.0,1.0,2.0,1.0,1.0,0.0,1.0,0.0,0.0,1.0,1.0,0.0
9667.0,4.0,2.0,2.0,1.0,1.0,1.0,1.0,0.0,0.0,0.0,1.0,0.0
10360.0,2.0,1.0,1.0,1.0,1.0,0.0,0.0,0.0,0.0,1.0,1.0,0.0
5960.0,3.0,1.0,2.0,0.0,1.0,1.0,1.0,0.0,0.0,0.0,0.0,1.0
2880.0,3.0,1.0,2.0,0.0,1.0,0.0,0.0,0.0,0.0,1.0,1.0,0.0
6360.0,2.0,1.0,2.0,0.0,1.0,0.0,0.0,0.0,0.0,0.0,0.0,1.0
3480.0,3.0,1.0,2.0,1.0,0.0,0.0,0.0,0.0,0.0,0.0,1.0,0.0
8100.0,4.0,1.0,4.0,2.0,1.0,0.0,1.0,0.0,1.0,0.0,1.0,0.0
6540.0,4.0,2.0,2.0,2.0,1.0,1.0,1.0,0.0,1.0,1.0,0.0,0.0
2787.0,3.0,1.0,1.0,0.0,1.0,0.0,1.0,0.0,0.0,1.0,0.0,0.0
6480.0,3.0,2.0,4.0,2.0,1.0,0.0,0.0,0.0,1.0,0.0,0.0,1.0
3600.0,6.0,1.0,2.0,1.0,1.0,0.0,0.0,0.0,0.0,0.0,0.0,1.0
3185.0,2.0,1.0,1.0,2.0,1.0,0.0,1.0,0.0,0.0,0.0,0.0,0.0
4410.0,4.0,3.0,2.0,2.0,1.0,0.0,1.0,0.0,0.0,0.0,1.0,0.0
9000.0,3.0,1.0,2.0,2.0,1.0,0.0,0.0,0.0,0.0,0.0,1.0,0.0
3650.0,3.0,2.0,2.0,2.0,1.0,0.0,0.0,0.0,0.0,0.0,1.0,0.0
7160.0,3.0,1.0,1.0,2.0,1.0,0.0,1.0,0.0,0.0,1.0,0.0,1.0
3584.0,2.0,1.0,1.0,0.0,1.0,0.0,0.0,1.0,0.0,0.0,1.0,0.0
4280.0,2.0,1.0,1.0,2.0,1.0,0.0,0.0,0.0,1.0,0.0,1.0,0.0
7000.0,3.0,1.0,4.0,2.0,1.0,0.0,0.0,0.0,1.0,0.0,1.0,0.0
9620.0,3.0,1.0,1.0,2.0,1.0,0.0,1.0,0.0,0.0,1.0,0.0,0.0
9166.0,2.0,1.0,1.0,2.0,1.0,0.0,1.0,0.0,1.0,0.0,1.0,0.0
2160.0,3.0,1.0,2.0,0.0,0.0,0.0,1.0,0.0,0.0,0.0,1.0,0.0
6050.0,3.0,1.0,1.0,0.0,1.0,0.0,1.0,0.0,0.0,1.0,1.0,0.0
9000.0,4.0,2.0,4.0,1.0,1.0,1.0,0.0,0.0,1.0,1.0,0.0,0.0
5320.0,3.0,1.0,2.0,0.0,1.0,1.0,1.0,0.0,0.0,1.0,1.0,0.0
8800.0,3.0,2.0,2.0,2.0,1.0,0.0,0.0,0.0,1.0,0.0,0.0,0.0
8500.0,3.0,2.0,4.0,2.0,1.0,0.0,0.0,0.0,1.0,0.0,0.0,0.0
5880.0,2.0,1.0,1.0,0.0,1.0,0.0,0.0,0.0,0.0,0.0,0.0,1.0
13200.0,2.0,1.0,1.0,1.0,1.0,0.0,1.0,1.0,0.0,0.0,0.0,0.0
4510.0,4.0,2.0,2.0,0.0,1.0,0.0,1.0,0.0,0.0,0.0,1.0,0.0
4075.0,3.0,1.0,1.0,2.0,1.0,1.0,1.0,0.0,0.0,0.0,1.0,0.0
3510.0,3.0,1.0,2.0,0.0,1.0,0.0,0.0,0.0,0.0,0.0,1.0,0.0
2856.0,3.0,1.0,3.0,0.0,1.0,0.0,0.0,0.0,0.0,1.0,0.0,0.0
6000.0,4.0,2.0,4.0,1.0,1.0,0.0,0.0,0.0,0.0,0.0,1.0,0.0
4500.0,4.0,2.0,1.0,2.0,0.0,0.0,1.0,0.0,1.0,0.0,1.0,0.0
6600.0,3.0,1.0,1.0,0.0,1.0,1.0,1.0,0.0,0.0,1.0,0.0,0.0
3510.0,3.0,1.0,3.0,0.0,1.0,0.0,0.0,0.0,0.0,0.0,1.0,0.0
4560.0,3.0,2.0,2.0,1.0,1.0,1.0,1.0,0.0,1.0,0.0,0.0,0.0
3480.0,2.0,1.0,1.0,1.0,1.0,0.0,0.0,0.0,0.0,0.0,1.0,0.0
2398.0,3.0,1.0,1.0,0.0,1.0,0.0,0.0,0.0,0.0,1.0,1.0,0.0
3500.0,2.0,1.0,1.0,0.0,1.0,1.0,0.0,0.0,0.0,0.0,0.0,1.0
7500.0,3.0,3.0,1.0,2.0,1.0,0.0,1.0,0.0,1.0,1.0,1.0,0.0
6900.0,3.0,2.0,1.0,0.0,1.0,1.0,1.0,0.0,0.0,1.0,0.0,1.0
6000.0,3.0,2.0,3.0,0.0,1.0,0.0,0.0,0.0,1.0,0.0,1.0,0.0
6060.0,2.0,1.0,1.0,1.0,1.0,0.0,1.0,0.0,0.0,0.0,1.0,0.0
3600.0,3.0,1.0,1.0,0.0,1.0,0.0,1.0,0.0,1.0,1.0,0.0,0.0
6600.0,4.0,2.0,2.0,1.0,1.0,1.0,1.0,0.0,1.0,1.0,0.0,1.0
4300.0,3.0,2.0,2.0,1.0,1.0,0.0,1.0,0.0,0.0,0.0,0.0,1.0
4770.0,3.0,1.0,1.0,0.0,1.0,1.0,1.0,0.0,0.0,0.0,1.0,0.0
4040.0,2.0,1.0,1.0,0.0,1.0,0.0,0.0,0.0,0.0,0.0,0.0,1.0
7500.0,4.0,2.0,2.0,3.0,1.0,0.0,1.0,0.0,1.0,1.0,0.0,0.0
4950.0,4.0,1.0,2.0,0.0,1.0,0.0,0.0,0.0,1.0,0.0,1.0,0.0
5300.0,5.0,2.0,2.0,0.0,1.0,0.0,0.0,0.0,0.0,0.0,1.0,0.0
6000.0,3.0,2.0,2.0,1.0,1.0,1.0,0.0,0.0,0.0,0.0,1.0,0.0
7686.0,3.0,1.0,1.0,0.0,1.0,1.0,1.0,1.0,0.0,0.0,1.0,0.0
3264.0,2.0,1.0,1.0,0.0,1.0,0.0,0.0,0.0,0.0,0.0,0.0,1.0
6600.0,3.0,1.0,1.0,2.0,1.0,1.0,1.0,0.0,0.0,1.0,1.0,0.0
4050.0,2.0,1.0,1.0,0.0,1.0,0.0,0.0,0.0,0.0,0.0,0.0,0.0
3640.0,3.0,2.0,2.0,0.0,1.0,0.0,1.0,0.0,0.0,0.0,0.0,1.0
5500.0,4.0,2.0,2.0,1.0,1.0,0.0,1.0,0.0,1.0,1.0,1.0,0.0
3880.0,3.0,2.0,2.0,2.0,1.0,0.0,1.0,0.0,0.0,0.0,1.0,0.0
12900.0,3.0,1.0,1.0,2.0,1.0,0.0,0.0,0.0,0.0,0.0,0.0,0.0
6000.0,3.0,2.0,4.0,0.0,1.0,1.0,1.0,0.0,1.0,1.0,1.0,0.0
16200.0,5.0,3.0,2.0,0.0,1.0,0.0,0.0,0.0,0.0,0.0,0.0,1.0
7200.0,3.0,1.0,2.0,1.0,1.0,1.0,1.0,0.0,0.0,1.0,0.0,0.0
7440.0,3.0,2.0,4.0,1.0,1.0,0.0,0.0,0.0,0.0,1.0,0.0,1.0
3240.0,4.0,1.0,3.0,1.0,1.0,0.0,0.0,0.0,0.0,0.0,1.0,0.0
9000.0,4.0,2.0,4.0,2.0,1.0,0.0,0.0,0.0,1.0,0.0,0.0,0.0
2817.0,4.0,2.0,2.0,1.0,0.0,1.0,1.0,0.0,0.0,0.0,0.0,0.0
4840.0,2.0,1.0,2.0,0.0,1.0,0.0,0.0,0.0,0.0,0.0,0.0,1.0
6420.0,3.0,1.0,1.0,0.0,1.0,0.0,1.0,0.0,1.0,1.0,0.0,0.0
2145.0,3.0,1.0,3.0,0.0,1.0,0.0,0.0,0.0,0.0,1.0,0.0,0.0
6800.0,2.0,1.0,1.0,2.0,1.0,1.0,1.0,0.0,0.0,0.0,0.0,0.0
3210.0,3.0,1.0,2.0,0.0,1.0,0.0,1.0,0.0,0.0,0.0,0.0,1.0
5400.0,4.0,1.0,2.0,0.0,1.0,0.0,0.0,0.0,0.0,0.0,1.0,0.0
9800.0,4.0,2.0,2.0,2.0,1.0,1.0,0.0,0.0,0.0,0.0,1.0,0.0
4500.0,2.0,1.0,1.0,0.0,1.0,0.0,0.0,0.0,0.0,0.0,1.0,0.0
4320.0,3.0,1.0,1.0,0.0,1.0,0.0,0.0,0.0,0.0,1.0,1.0,0.0
4700.0,4.0,1.0,2.0,1.0,1.0,1.0,1.0,0.0,1.0,0.0,0.0,0.0
8150.0,3.0,2.0,1.0,0.0,1.0,1.0,1.0,0.0,0.0,0.0,1.0,0.0
4120.0,2.0,1.0,2.0,0.0,1.0,0.0,0.0,0.0,0.0,0.0,0.0,1.0
3480.0,4.0,1.0,2.0,1.0,0.0,0.0,0.0,0.0,0.0,0.0,1.0,0.0
4100.0,2.0,2.0,1.0,0.0,1.0,1.0,1.0,0.0,0.0,0.0,1.0,0.0
5850.0,2.0,1.0,1.0,2.0,1.0,1.0,1.0,0.0,0.0,0.0,1.0,0.0
4785.0,3.0,1.0,2.0,1.0,1.0,1.0,1.0,0.0,1.0,0.0,0.0,0.0
4000.0,3.0,1.0,2.0,0.0,1.0,0.0,0.0,0.0,1.0,0.0,0.0,1.0
6660.0,4.0,2.0,2.0,1.0,1.0,1.0,1.0,0.0,0.0,1.0,1.0,0.0
3450.0,3.0,1.0,1.0,2.0,1.0,0.0,1.0,0.0,0.0,0.0,0.0,1.0
7700.0,3.0,2.0,1.0,2.0,1.0,0.0,0.0,0.0,0.0,0.0,0.0,1.0
4500.0,2.0,1.0,1.0,2.0,1.0,0.0,0.0,0.0,1.0,0.0,0.0,0.0
6000.0,2.0,1.0,1.0,1.0,1.0,0.0,1.0,0.0,1.0,0.0,0.0,0.0
4260.0,4.0,1.0,2.0,0.0,1.0,0.0,1.0,0.0,1.0,0.0,0.0,0.0
5720.0,2.0,1.0,2.0,0.0,1.0,0.0,0.0,0.0,1.0,1.0,0.0,1.0
3960.0,3.0,1.0,2.0,0.0,1.0,0.0,0.0,0.0,0.0,0.0,0.0,0.0
4040.0,2.0,1.0,1.0,1.0,1.0,0.0,0.0,0.0,0.0,0.0,0.0,1.0
4000.0,2.0,1.0,1.0,0.0,1.0,0.0,0.0,0.0,0.0,0.0,0.0,1.0
4800.0,2.0,1.0,1.0,0.0,1.0,1.0,1.0,0.0,0.0,0.0,1.0,0.0
4000.0,3.0,2.0,2.0,1.0,1.0,0.0,1.0,0.0,1.0,0.0,1.0,0.0
6615.0,4.0,2.0,2.0,1.0,1.0,1.0,0.0,1.0,0.0,0.0,1.0,0.0
5500.0,3.0,1.0,2.0,0.0,1.0,0.0,0.0,0.0,1.0,0.0,0.0,1.0
5000.0,3.0,1.0,4.0,0.0,1.0,0.0,0.0,0.0,0.0,0.0,0.0,0.0
4800.0,3.0,2.0,4.0,0.0,1.0,1.0,0.0,0.0,1.0,0.0,0.0,0.0
5400.0,5.0,1.0,2.0,0.0,1.0,1.0,1.0,0.0,1.0,1.0,0.0,0.0
4500.0,2.0,1.0,2.0,1.0,1.0,0.0,0.0,1.0,0.0,0.0,1.0,0.0
3500.0,2.0,1.0,1.0,0.0,0.0,0.0,1.0,0.0,0.0,0.0,1.0,0.0
8250.0,3.0,1.0,1.0,0.0,1.0,0.0,0.0,0.0,0.0,0.0,0.0,0.0
3400.0,3.0,1.0,2.0,2.0,1.0,0.0,1.0,0.0,0.0,1.0,1.0,0.0
3060.0,3.0,1.0,1.0,0.0,1.0,0.0,0.0,0.0,0.0,0.0,0.0,1.0
4032.0,2.0,1.0,1.0,0.0,1.0,0.0,1.0,0.0,0.0,0.0,0.0,0.0
6350.0,3.0,2.0,3.0,0.0,1.0,1.0,0.0,0.0,1.0,0.0,0.0,0.0
3460.0,3.0,2.0,1.0,1.0,1.0,0.0,1.0,0.0,1.0,0.0,0.0,0.0
4040.0,3.0,1.0,2.0,1.0,1.0,0.0,1.0,1.0,0.0,0.0,0.0,0.0
4820.0,3.0,1.0,2.0,0.0,1.0,0.0,0.0,0.0,0.0,0.0,1.0,0.0
2475.0,3.0,1.0,2.0,0.0,1.0,0.0,0.0,0.0,0.0,0.0,0.0,0.0
7020.0,3.0,1.0,1.0,2.0,1.0,0.0,1.0,0.0,1.0,1.0,1.0,0.0
4340.0,3.0,1.0,1.0,0.0,1.0,0.0,0.0,0.0,0.0,0.0,1.0,0.0
3780.0,2.0,1.0,2.0,0.0,1.0,1.0,1.0,0.0,0.0,0.0,1.0,0.0
12944.0,3.0,1.0,1.0,0.0,1.0,0.0,0.0,0.0,0.0,0.0,0.0,1.0
5200.0,4.0,1.0,3.0,0.0,1.0,0.0,0.0,0.0,0.0,0.0,0.0,1.0
2610.0,4.0,3.0,2.0,0.0,0.0,0.0,0.0,0.0,0.0,0.0,1.0,0.0
3600.0,3.0,1.0,2.0,1.0,0.0,0.0,0.0,0.0,0.0,0.0,0.0,1.0
3290.0,2.0,1.0,1.0,1.0,1.0,0.0,0.0,1.0,0.0,0.0,0.0,0.0
2145.0,3.0,1.0,2.0,0.0,1.0,0.0,1.0,0.0,0.0,1.0,0.0,0.0
5985.0,3.0,1.0,1.0,0.0,1.0,0.0,1.0,0.0,0.0,0.0,1.0,0.0
7482.0,3.0,2.0,3.0,1.0,1.0,0.0,0.0,1.0,0.0,1.0,0.0,0.0
6360.0,3.0,1.0,1.0,2.0,1.0,1.0,1.0,0.0,1.0,1.0,0.0,0.0
3520.0,2.0,1.0,2.0,0.0,1.0,0.0,0.0,0.0,0.0,1.0,0.0,0.0
3630.0,3.0,2.0,2.0,2.0,1.0,0.0,0.0,1.0,0.0,0.0,1.0,0.0
6000.0,3.0,2.0,4.0,1.0,1.0,1.0,0.0,0.0,1.0,0.0,0.0,0.0
8372.0,3.0,1.0,3.0,2.0,1.0,0.0,0.0,0.0,1.0,0.0,0.0,1.0
5800.0,3.0,1.0,1.0,2.0,1.0,0.0,0.0,1.0,0.0,0.0,1.0,0.0
2953.0,3.0,1.0,2.0,0.0,1.0,0.0,1.0,0.0,1.0,0.0,0.0,1.0
3750.0,2.0,1.0,1.0,0.0,1.0,1.0,1.0,0.0,0.0,0.0,1.0,0.0
3850.0,3.0,1.0,1.0,0.0,1.0,0.0,0.0,0.0,0.0,0.0,0.0,1.0
5136.0,3.0,1.0,2.0,0.0,1.0,1.0,1.0,0.0,1.0,1.0,0.0,1.0
4880.0,3.0,1.0,1.0,2.0,1.0,0.0,0.0,0.0,0.0,1.0,0.0,1.0
3792.0,4.0,1.0,2.0,0.0,1.0,0.0,0.0,0.0,0.0,0.0,1.0,0.0
6000.0,3.0,1.0,4.0,2.0,1.0,1.0,0.0,0.0,1.0,0.0,0.0,1.0
2520.0,5.0,2.0,1.0,1.0,0.0,0.0,1.0,0.0,1.0,0.0,0.0,0.0
5948.0,3.0,1.0,2.0,0.0,1.0,0.0,0.0,0.0,1.0,0.0,1.0,0.0
2145.0,3.0,1.0,3.0,0.0,1.0,0.0,0.0,0.0,0.0,1.0,0.0,0.0
10500.0,2.0,1.0,1.0,1.0,1.0,0.0,0.0,0.0,0.0,0.0,1.0,0.0
3986.0,2.0,2.0,1.0,1.0,0.0,1.0,1.0,0.0,0.0,0.0,0.0,1.0
5500.0,3.0,2.0,2.0,1.0,1.0,0.0,0.0,0.0,0.0,0.0,1.0,0.0
8250.0,3.0,1.0,1.0,2.0,1.0,0.0,0.0,0.0,0.0,0.0,0.0,0.0
5400.0,3.0,1.0,1.0,3.0,1.0,0.0,0.0,0.0,0.0,0.0,1.0,0.0
7320.0,4.0,2.0,2.0,0.0,1.0,0.0,0.0,0.0,0.0,0.0,0.0,0.0
2700.0,2.0,1.0,1.0,0.0,0.0,0.0,0.0,0.0,0.0,0.0,0.0,0.0
9000.0,3.0,1.0,1.0,1.0,1.0,0.0,1.0,0.0,0.0,1.0,0.0,0.0
4800.0,5.0,2.0,3.0,0.0,0.0,0.0,1.0,1.0,0.0,0.0,0.0,1.0
4000.0,3.0,1.0,2.0,1.0,1.0,0.0,0.0,0.0,0.0,0.0,0.0,0.0
3630.0,4.0,1.0,2.0,3.0,1.0,0.0,0.0,0.0,0.0,0.0,1.0,0.0
6400.0,3.0,1.0,1.0,1.0,1.0,1.0,1.0,0.0,1.0,1.0,1.0,0.0
1650.0,3.0,1.0,2.0,0.0,0.0,0.0,1.0,0.0,0.0,0.0,0.0,1.0
4410.0,2.0,1.0,1.0,1.0,0.0,0.0,0.0,0.0,0.0,0.0,0.0,1.0
7350.0,2.0,1.0,1.0,1.0,1.0,0.0,0.0,0.0,0.0,0.0,1.0,0.0
6254.0,4.0,2.0,1.0,1.0,1.0,0.0,1.0,0.0,0.0,1.0,1.0,0.0
7980.0,3.0,1.0,1.0,1.0,1.0,0.0,0.0,0.0,0.0,1.0,1.0,0.0
4120.0,2.0,1.0,1.0,1.0,1.0,0.0,1.0,0.0,0.0,0.0,1.0,0.0
3520.0,3.0,1.0,1.0,0.0,1.0,0.0,0.0,0.0,0.0,1.0,1.0,0.0
2176.0,2.0,1.0,2.0,0.0,1.0,1.0,0.0,0.0,0.0,1.0,1.0,0.0
8080.0,3.0,1.0,1.0,2.0,1.0,0.0,0.0,0.0,1.0,0.0,1.0,0.0
3512.0,2.0,1.0,1.0,1.0,1.0,0.0,0.0,0.0,0.0,1.0,0.0,1.0
4000.0,2.0,1.0,1.0,0.0,1.0,0.0,0.0,0.0,0.0,0.0,0.0,1.0
3450.0,3.0,1.0,2.0,0.0,1.0,0.0,1.0,0.0,0.0,0.0,1.0,0.0
4320.0,3.0,1.0,2.0,2.0,1.0,0.0,0.0,0.0,0.0,1.0,0.0,0.0
15600.0,3.0,1.0,1.0,2.0,1.0,0.0,0.0,0.0,1.0,0.0,1.0,0.0
7152.0,3.0,1.0,2.0,0.0,1.0,0.0,0.0,0.0,1.0,0.0,0.0,0.0
6321.0,3.0,1.0,2.0,1.0,1.0,0.0,1.0,0.0,1.0,0.0,0.0,0.0
3000.0,3.0,1.0,2.0,0.0,0.0,0.0,0.0,0.0,0.0,0.0,1.0,0.0
7000.0,3.0,1.0,2.0,0.0,1.0,0.0,1.0,0.0,0.0,0.0,0.0,1.0
11460.0,3.0,1.0,3.0,2.0,1.0,0.0,0.0,0.0,0.0,1.0,1.0,0.0
4960.0,2.0,1.0,1.0,0.0,1.0,0.0,0.0,0.0,0.0,0.0,0.0,1.0
3460.0,4.0,1.0,2.0,0.0,1.0,0.0,0.0,0.0,1.0,0.0,1.0,0.0
3000.0,2.0,1.0,1.0,0.0,0.0,0.0,0.0,0.0,0.0,0.0,0.0,1.0
3630.0,2.0,1.0,1.0,0.0,1.0,0.0,0.0,0.0,0.0,0.0,0.0,1.0
5400.0,4.0,1.0,2.0,0.0,1.0,0.0,0.0,0.0,0.0,0.0,0.0,1.0
4900.0,3.0,1.0,2.0,0.0,0.0,0.0,0.0,0.0,0.0,0.0,0.0,1.0
5500.0,4.0,1.0,2.0,0.0,1.0,1.0,1.0,0.0,0.0,0.0,1.0,0.0
4000.0,4.0,2.0,2.0,0.0,0.0,0.0,0.0,0.0,0.0,0.0,1.0,0.0
3640.0,2.0,1.0,1.0,0.0,1.0,0.0,0.0,0.0,0.0,0.0,0.0,0.0
4500.0,2.0,1.0,1.0,0.0,0.0,0.0,0.0,0.0,0.0,0.0,0.0,0.0
4500.0,2.0,1.0,1.0,0.0,0.0,0.0,0.0,0.0,0.0,0.0,1.0,0.0
4300.0,6.0,2.0,2.0,0.0,1.0,0.0,0.0,0.0,0.0,0.0,0.0,0.0
3180.0,3.0,2.0,2.0,2.0,1.0,0.0,0.0,0.0,0.0,0.0,1.0,0.0
3150.0,2.0,2.0,1.0,0.0,0.0,0.0,1.0,0.0,0.0,0.0,1.0,0.0
4500.0,4.0,2.0,2.0,2.0,1.0,0.0,1.0,0.0,0.0,0.0,0.0,0.0
3520.0,2.0,2.0,1.0,0.0,1.0,0.0,1.0,0.0,0.0,0.0,1.0,0.0
4040.0,2.0,1.0,2.0,1.0,1.0,0.0,0.0,0.0,0.0,0.0,1.0,0.0
4400.0,4.0,1.0,2.0,2.0,1.0,0.0,0.0,0.0,1.0,1.0,1.0,0.0
4095.0,2.0,1.0,1.0,2.0,1.0,0.0,0.0,0.0,0.0,0.0,1.0,0.0
4160.0,3.0,1.0,1.0,0.0,1.0,1.0,1.0,0.0,1.0,0.0,0.0,1.0
3600.0,2.0,1.0,1.0,0.0,1.0,0.0,0.0,0.0,0.0,0.0,0.0,1.0
5830.0,2.0,1.0,1.0,2.0,1.0,0.0,0.0,0.0,0.0,0.0,0.0,1.0
6710.0,3.0,2.0,2.0,1.0,1.0,1.0,1.0,0.0,0.0,1.0,0.0,0.0
4992.0,3.0,2.0,2.0,2.0,1.0,0.0,0.0,0.0,0.0,0.0,0.0,1.0
5400.0,4.0,2.0,2.0,2.0,1.0,0.0,0.0,0.0,1.0,0.0,0.0,1.0
2800.0,3.0,2.0,2.0,1.0,0.0,0.0,1.0,0.0,1.0,0.0,1.0,0.0
4040.0,3.0,1.0,2.0,1.0,1.0,0.0,0.0,0.0,0.0,0.0,1.0,0.0
3745.0,3.0,1.0,2.0,0.0,1.0,0.0,1.0,0.0,0.0,0.0,0.0,0.0
8000.0,3.0,1.0,1.0,2.0,1.0,1.0,1.0,0.0,1.0,1.0,1.0,0.0
6540.0,3.0,1.0,1.0,2.0,1.0,1.0,1.0,0.0,0.0,1.0,0.0,0.0
3640.0,2.0,1.0,1.0,1.0,1.0,0.0,0.0,0.0,0.0,0.0,1.0,0.0
10240.0,2.0,1.0,1.0,2.0,1.0,0.0,0.0,0.0,1.0,1.0,0.0,1.0
3000.0,3.0,1.0,1.0,0.0,0.0,0.0,0.0,0.0,1.0,0.0,0.0,1.0
4000.0,2.0,1.0,1.0,0.0,1.0,0.0,0.0,0.0,0.0,1.0,1.0,0.0
3350.0,3.0,1.0,2.0,0.0,1.0,0.0,0.0,0.0,0.0,0.0,0.0,1.0
6500.0,3.0,2.0,3.0,0.0,1.0,0.0,0.0,0.0,1.0,0.0,0.0,1.0
3360.0,2.0,1.0,1.0,1.0,1.0,0.0,0.0,0.0,0.0,0.0,0.0,1.0
6650.0,3.0,1.0,2.0,0.0,1.0,1.0,0.0,0.0,0.0,0.0,1.0,0.0
2650.0,3.0,1.0,2.0,1.0,1.0,0.0,1.0,0.0,0.0,0.0,0.0,1.0
2835.0,2.0,1.0,1.0,0.0,1.0,0.0,0.0,0.0,0.0,0.0,1.0,0.0
6420.0,3.0,1.0,3.0,0.0,1.0,0.0,1.0,0.0,0.0,1.0,0.0,1.0
4750.0,2.0,1.0,1.0,0.0,1.0,0.0,0.0,0.0,0.0,0.0,0.0,1.0
3600.0,2.0,1.0,1.0,0.0,1.0,0.0,0.0,0.0,0.0,0.0,0.0,0.0
4800.0,3.0,1.0,3.0,0.0,1.0,0.0,0.0,0.0,1.0,0.0,0.0,1.0
3180.0,2.0,1.0,1.0,0.0,1.0,0.0,0.0,0.0,0.0,0.0,0.0,1.0
6000.0,4.0,2.0,4.0,1.0,1.0,0.0,0.0,0.0,1.0,0.0,0.0,0.0
6540.0,4.0,2.0,2.0,0.0,0.0,0.0,0.0,0.0,1.0,0.0,1.0,0.0
8880.0,3.0,2.0,2.0,1.0,1.0,0.0,1.0,0.0,1.0,0.0,0.0,0.0
4360.0,4.0,1.0,2.0,0.0,1.0,0.0,0.0,0.0,0.0,0.0,0.0,0.0
8250.0,3.0,2.0,3.0,0.0,1.0,0.0,0.0,0.0,1.0,0.0,0.0,0.0
3640.0,3.0,1.0,2.0,0.0,1.0,0.0,0.0,0.0,1.0,0.0,0.0,0.0
11410.0,2.0,1.0,2.0,0.0,1.0,0.0,0.0,0.0,0.0,1.0,0.0,0.0
5880.0,3.0,1.0,1.0,1.0,1.0,0.0,0.0,0.0,0.0,0.0,0.0,1.0
3150.0,3.0,2.0,1.0,0.0,1.0,1.0,1.0,0.0,1.0,0.0,0.0,0.0
6550.0,4.0,2.0,2.0,1.0,1.0,0.0,0.0,0.0,1.0,1.0,1.0,0.0
7000.0,3.0,2.0,4.0,2.0,1.0,0.0,0.0,0.0,1.0,0.0,0.0,0.0
7950.0,5.0,2.0,2.0,2.0,1.0,0.0,1.0,1.0,0.0,0.0,0.0,1.0
5500.0,3.0,2.0,1.0,0.0,1.0,0.0,1.0,0.0,0.0,0.0,1.0,0.0
10500.0,4.0,2.0,2.0,1.0,1.0,0.0,0.0,0.0,0.0,0.0,1.0,0.0
3069.0,2.0,1.0,1.0,1.0,1.0,0.0,0.0,0.0,0.0,0.0,0.0,1.0
3850.0,3.0,1.0,1.0,2.0,1.0,0.0,0.0,0.0,0.0,0.0,0.0,1.0
3420.0,4.0,2.0,2.0,0.0,1.0,0.0,0.0,0.0,0.0,0.0,1.0,0.0
4100.0,3.0,2.0,3.0,2.0,1.0,0.0,0.0,0.0,1.0,0.0,1.0,0.0
6325.0,3.0,1.0,4.0,1.0,1.0,0.0,0.0,0.0,1.0,0.0,0.0,1.0
3840.0,3.0,1.0,2.0,1.0,1.0,0.0,0.0,0.0,0.0,1.0,1.0,0.0
3750.0,3.0,1.0,1.0,0.0,1.0,0.0,0.0,0.0,0.0,0.0,0.0,1.0
3600.0,2.0,1.0,1.0,0.0,1.0,0.0,0.0,0.0,0.0,0.0,1.0,0.0
6060.0,3.0,1.0,1.0,0.0,1.0,1.0,1.0,0.0,0.0,0.0,0.0,0.0
7085.0,3.0,1.0,1.0,2.0,1.0,1.0,1.0,0.0,0.0,1.0,1.0,0.0
3120.0,3.0,1.0,2.0,0.0,0.0,0.0,0.0,0.0,0.0,0.0,0.0,0.0
6360.0,3.0,2.0,4.0,0.0,1.0,0.0,0.0,0.0,1.0,1.0,0.0,0.0
4000.0,3.0,1.0,2.0,1.0,1.0,0.0,0.0,0.0,0.0,0.0,0.0,1.0
4370.0,3.0,1.0,2.0,0.0,1.0,0.0,0.0,0.0,0.0,0.0,0.0,1.0
5800.0,2.0,1.0,1.0,0.0,1.0,1.0,1.0,0.0,1.0,0.0,1.0,0.0
3990.0,3.0,1.0,2.0,0.0,1.0,0.0,0.0,0.0,0.0,0.0,1.0,0.0
2175.0,3.0,1.0,2.0,0.0,0.0,1.0,1.0,0.0,1.0,0.0,0.0,1.0
3480.0,2.0,1.0,1.0,0.0,1.0,0.0,0.0,0.0,0.0,1.0,1.0,0.0
5900.0,2.0,1.0,1.0,1.0,1.0,0.0,0.0,0.0,0.0,0.0,0.0,0.0
4510.0,4.0,1.0,2.0,2.0,1.0,0.0,0.0,0.0,1.0,0.0,1.0,0.0
4600.0,2.0,1.0,1.0,0.0,1.0,0.0,0.0,0.0,0.0,0.0,0.0,0.0
7420.0,4.0,1.0,2.0,2.0,1.0,1.0,1.0,0.0,1.0,0.0,0.0,0.0
4000.0,3.0,1.0,2.0,2.0,1.0,0.0,0.0,0.0,0.0,0.0,0.0,0.0
3600.0,2.0,2.0,2.0,1.0,1.0,0.0,1.0,0.0,0.0,0.0,0.0,0.0
6600.0,3.0,2.0,1.0,0.0,1.0,0.0,1.0,0.0,1.0,1.0,0.0,1.0
5170.0,3.0,1.0,4.0,0.0,1.0,0.0,0.0,0.0,1.0,0.0,1.0,0.0
4400.0,2.0,1.0,1.0,0.0,1.0,0.0,0.0,0.0,0.0,0.0,0.0,1.0
4995.0,4.0,2.0,1.0,0.0,1.0,0.0,1.0,0.0,0.0,0.0,1.0,0.0
3660.0,4.0,1.0,2.0,0.0,0.0,0.0,0.0,0.0,0.0,0.0,0.0,1.0
10269.0,3.0,1.0,1.0,1.0,1.0,0.0,0.0,0.0,0.0,1.0,1.0,0.0
6600.0,3.0,2.0,3.0,0.0,1.0,0.0,0.0,0.0,1.0,1.0,0.0,1.0
2747.0,4.0,2.0,2.0,0.0,0.0,0.0,0.0,0.0,0.0,0.0,1.0,0.0
4160.0,3.0,1.0,3.0,0.0,1.0,0.0,0.0,0.0,0.0,0.0,0.0,1.0
8880.0,2.0,1.0,1.0,1.0,1.0,0.0,0.0,0.0,1.0,0.0,1.0,0.0
5320.0,2.0,1.0,1.0,1.0,1.0,0.0,0.0,0.0,0.0,1.0,0.0,1.0
6600.0,3.0,1.0,4.0,3.0,1.0,0.0,0.0,0.0,1.0,1.0,0.0,0.0
4880.0,4.0,2.0,2.0,1.0,1.0,0.0,0.0,0.0,1.0,1.0,0.0,0.0
4920.0,3.0,1.0,2.0,1.0,1.0,0.0,0.0,0.0,0.0,0.0,1.0,0.0
6480.0,3.0,1.0,2.0,1.0,0.0,0.0,0.0,0.0,1.0,0.0,1.0,0.0
4520.0,3.0,1.0,2.0,0.0,1.0,0.0,1.0,0.0,1.0,0.0,1.0,0.0
2910.0,2.0,1.0,1.0,0.0,0.0,0.0,0.0,0.0,0.0,0.0,0.0,1.0
8875.0,3.0,1.0,1.0,1.0,1.0,0.0,0.0,0.0,0.0,0.0,1.0,0.0
3300.0,3.0,1.0,2.0,1.0,0.0,0.0,0.0,0.0,0.0,0.0,1.0,0.0
5400.0,2.0,1.0,2.0,0.0,1.0,0.0,0.0,0.0,0.0,1.0,1.0,0.0
3162.0,3.0,1.0,2.0,1.0,1.0,0.0,0.0,0.0,1.0,0.0,0.0,0.0
2275.0,3.0,1.0,3.0,0.0,1.0,0.0,0.0,1.0,1.0,1.0,1.0,0.0
5040.0,3.0,1.0,2.0,0.0,1.0,0.0,1.0,0.0,1.0,0.0,0.0,1.0
3500.0,4.0,1.0,2.0,2.0,1.0,0.0,0.0,0.0,1.0,0.0,0.0,1.0
6600.0,4.0,2.0,2.0,0.0,1.0,1.0,1.0,0.0,0.0,1.0,1.0,0.0
3036.0,3.0,1.0,2.0,0.0,1.0,0.0,1.0,0.0,0.0,0.0,1.0,0.0
3150.0,3.0,1.0,2.0,0.0,0.0,0.0,0.0,0.0,0.0,0.0,0.0,1.0
5000.0,3.0,1.0,3.0,0.0,1.0,0.0,0.0,0.0,1.0,0.0,1.0,0.0
6240.0,4.0,2.0,2.0,1.0,1.0,0.0,0.0,0.0,1.0,0.0,0.0,0.0
6000.0,3.0,2.0,4.0,0.0,1.0,0.0,0.0,0.0,1.0,0.0,0.0,1.0
5500.0,3.0,1.0,3.0,1.0,1.0,1.0,0.0,0.0,1.0,0.0,0.0,0.0
3970.0,1.0,1.0,1.0,0.0,0.0,0.0,0.0,0.0,0.0,0.0,0.0,1.0
8100.0,4.0,1.0,2.0,2.0,1.0,1.0,1.0,0.0,1.0,1.0,0.0,0.0
4100.0,4.0,1.0,1.0,0.0,0.0,0.0,1.0,0.0,0.0,0.0,0.0,1.0
3850.0,2.0,1.0,1.0,0.0,1.0,0.0,0.0,0.0,0.0,0.0,1.0,0.0
11175.0,3.0,1.0,1.0,1.0,1.0,0.0,1.0,0.0,1.0,1.0,0.0,0.0
4079.0,3.0,1.0,3.0,0.0,1.0,0.0,0.0,0.0,0.0,0.0,1.0,0.0
7800.0,3.0,2.0,2.0,0.0,1.0,0.0,0.0,0.0,0.0,1.0,1.0,0.0
6900.0,3.0,1.0,1.0,0.0,1.0,1.0,1.0,0.0,0.0,1.0,1.0,0.0
6550.0,3.0,1.0,2.0,0.0,1.0,0.0,1.0,0.0,1.0,1.0,0.0,0.0
3520.0,3.0,1.0,1.0,2.0,1.0,0.0,0.0,0.0,0.0,1.0,0.0,1.0
6100.0,3.0,1.0,1.0,0.0,1.0,0.0,1.0,0.0,1.0,1.0,1.0,0.0
3000.0,4.0,1.0,2.0,0.0,1.0,0.0,0.0,0.0,0.0,0.0,0.0,1.0
6040.0,3.0,1.0,1.0,2.0,1.0,0.0,0.0,0.0,0.0,1.0,1.0,0.0
3185.0,2.0,1.0,1.0,2.0,1.0,0.0,0.0,0.0,0.0,0.0,0.0,1.0
6360.0,2.0,1.0,1.0,0.0,1.0,0.0,0.0,0.0,0.0,0.0,0.0,0.0
6800.0,2.0,1.0,1.0,0.0,1.0,0.0,0.0,0.0,0.0,0.0,0.0,1.0
4350.0,3.0,1.0,2.0,1.0,0.0,0.0,0.0,1.0,0.0,0.0,0.0,1.0
2145.0,4.0,2.0,1.0,0.0,1.0,0.0,1.0,0.0,0.0,1.0,0.0,1.0
2870.0,2.0,1.0,2.0,0.0,1.0,1.0,1.0,0.0,0.0,1.0,1.0,0.0
3000.0,3.0,1.0,2.0,0.0,1.0,0.0,1.0,0.0,1.0,0.0,1.0,0.0
3420.0,4.0,2.0,2.0,2.0,1.0,0.0,1.0,0.0,1.0,0.0,1.0,0.0
2325.0,3.0,1.0,2.0,0.0,0.0,0.0,0.0,0.0,0.0,0.0,1.0,0.0
4400.0,3.0,1.0,2.0,0.0,1.0,0.0,0.0,0.0,0.0,0.0,0.0,1.0
3450.0,3.0,1.0,2.0,1.0,1.0,0.0,1.0,0.0,0.0,0.0,1.0,0.0
3420.0,5.0,1.0,2.0,0.0,0.0,0.0,0.0,0.0,0.0,0.0,0.0,1.0
5495.0,3.0,1.0,1.0,0.0,1.0,0.0,1.0,0.0,0.0,0.0,0.0,1.0
3620.0,2.0,1.0,1.0,0.0,1.0,0.0,0.0,0.0,0.0,0.0,0.0,1.0
4500.0,3.0,1.0,1.0,0.0,1.0,0.0,1.0,0.0,0.0,0.0,0.0,0.0
3420.0,2.0,1.0,2.0,1.0,1.0,0.0,0.0,1.0,0.0,0.0,1.0,0.0
3900.0,3.0,1.0,2.0,0.0,1.0,0.0,0.0,0.0,0.0,0.0,0.0,1.0
3450.0,1.0,1.0,1.0,0.0,1.0,0.0,0.0,0.0,0.0,0.0,0.0,0.0
4095.0,3.0,1.0,2.0,0.0,0.0,1.0,1.0,0.0,1.0,0.0,1.0,0.0
6100.0,3.0,1.0,3.0,0.0,1.0,1.0,0.0,0.0,1.0,1.0,1.0,0.0
6000.0,4.0,2.0,4.0,2.0,1.0,0.0,0.0,0.0,0.0,0.0,1.0,0.0
6862.0,3.0,1.0,2.0,2.0,1.0,0.0,0.0,0.0,1.0,1.0,0.0,0.0
9500.0,3.0,1.0,2.0,3.0,1.0,0.0,0.0,0.0,0.0,1.0,0.0,1.0
7600.0,4.0,1.0,2.0,2.0,1.0,0.0,0.0,0.0,1.0,0.0,0.0,0.0
4632.0,4.0,1.0,2.0,0.0,1.0,0.0,0.0,0.0,1.0,0.0,1.0,0.0
6360.0,2.0,1.0,1.0,1.0,1.0,0.0,1.0,0.0,1.0,0.0,0.0,0.0
4500.0,3.0,1.0,4.0,0.0,1.0,0.0,0.0,0.0,1.0,0.0,0.0,1.0
5150.0,3.0,2.0,4.0,2.0,1.0,0.0,0.0,0.0,1.0,0.0,1.0,0.0
4600.0,4.0,1.0,2.0,0.0,1.0,0.0,0.0,0.0,0.0,0.0,1.0,0.0
8960.0,4.0,4.0,4.0,3.0,1.0,0.0,0.0,0.0,1.0,0.0,0.0,0.0
2430.0,3.0,1.0,1.0,0.0,0.0,0.0,0.0,0.0,0.0,0.0,0.0,1.0
3600.0,3.0,1.0,1.0,1.0,1.0,0.0,0.0,0.0,0.0,0.0,0.0,1.0
7440.0,3.0,2.0,1.0,0.0,1.0,1.0,1.0,0.0,1.0,1.0,1.0,0.0
4960.0,4.0,1.0,3.0,0.0,0.0,0.0,0.0,0.0,0.0,0.0,1.0,0.0
6000.0,3.0,1.0,2.0,1.0,1.0,0.0,0.0,1.0,0.0,1.0,1.0,0.0
6300.0,3.0,1.0,1.0,2.0,1.0,0.0,0.0,0.0,1.0,0.0,1.0,0.0
6840.0,5.0,1.0,2.0,1.0,1.0,1.0,1.0,0.0,1.0,0.0,0.0,0.0
2500.0,2.0,1.0,1.0,0.0,0.0,0.0,0.0,0.0,1.0,0.0,0.0,1.0
3968.0,3.0,1.0,2.0,0.0,0.0,0.0,0.0,0.0,0.0,0.0,1.0,0.0
2145.0,3.0,1.0,2.0,0.0,1.0,0.0,1.0,0.0,0.0,1.0,0.0,0.0
4500.0,3.0,1.0,2.0,0.0,1.0,0.0,0.0,0.0,1.0,0.0,0.0,1.0
4320.0,3.0,1.0,1.0,1.0,0.0,0.0,0.0,0.0,0.0,0.0,0.0,1.0
3630.0,2.0,1.0,1.0,0.0,1.0,0.0,1.0,0.0,0.0,0.0,0.0,0.0
6750.0,2.0,1.0,1.0,2.0,1.0,1.0,1.0,0.0,0.0,1.0,0.0,0.0
3180.0,4.0,2.0,2.0,0.0,1.0,0.0,0.0,0.0,0.0,0.0,0.0,0.0
3640.0,2.0,1.0,1.0,0.0,1.0,0.0,0.0,0.0,0.0,0.0,0.0,1.0
6000.0,4.0,2.0,4.0,1.0,1.0,1.0,0.0,0.0,1.0,0.0,0.0,0.0
2015.0,3.0,1.0,2.0,0.0,1.0,0.0,1.0,0.0,0.0,1.0,1.0,0.0
4900.0,2.0,1.0,2.0,0.0,1.0,0.0,1.0,0.0,0.0,0.0,1.0,0.0
3760.0,3.0,1.0,1.0,2.0,1.0,0.0,0.0,0.0,0.0,0.0,1.0,0.0
3500.0,4.0,2.0,2.0,2.0,1.0,0.0,0.0,1.0,0.0,0.0,0.0,0.0
5600.0,2.0,1.0,1.0,0.0,1.0,0.0,0.0,0.0,1.0,0.0,1.0,0.0
7410.0,3.0,1.0,1.0,2.0,1.0,1.0,1.0,0.0,1.0,1.0,0.0,1.0
4240.0,3.0,1.0,2.0,0.0,1.0,0.0,0.0,0.0,1.0,0.0,1.0,0.0
3500.0,4.0,1.0,2.0,2.0,1.0,0.0,0.0,0.0,0.0,0.0,0.0,0.0
7800.0,3.0,1.0,1.0,2.0,1.0,0.0,1.0,0.0,1.0,1.0,0.0,1.0
4500.0,3.0,2.0,2.0,0.0,0.0,0.0,1.0,0.0,1.0,0.0,1.0,0.0
2990.0,2.0,1.0,1.0,1.0,0.0,0.0,0.0,0.0,0.0,0.0,0.0,1.0
7000.0,3.0,1.0,1.0,2.0,1.0,0.0,1.0,0.0,0.0,1.0,1.0,0.0
4840.0,3.0,1.0,2.0,1.0,1.0,0.0,0.0,0.0,0.0,0.0,1.0,0.0
3040.0,2.0,1.0,1.0,0.0,0.0,0.0,0.0,0.0,0.0,0.0,0.0,1.0
1950.0,3.0,1.0,1.0,0.0,0.0,0.0,0.0,1.0,0.0,0.0,0.0,1.0
3185.0,2.0,1.0,1.0,0.0,1.0,0.0,0.0,0.0,1.0,0.0,0.0,1.0
3000.0,4.0,1.0,3.0,2.0,1.0,0.0,1.0,0.0,1.0,0.0,1.0,0.0
2550.0,3.0,1.0,2.0,0.0,1.0,0.0,1.0,0.0,0.0,0.0,0.0,0.0
3540.0,2.0,1.0,1.0,0.0,0.0,1.0,1.0,0.0,0.0,0.0,1.0,0.0
3000.0,2.0,1.0,2.0,0.0,1.0,0.0,0.0,0.0,0.0,0.0,1.0,0.0
2880.0,3.0,1.0,1.0,0.0,0.0,0.0,0.0,0.0,0.0,0.0,0.0,1.0
7680.0,4.0,2.0,4.0,1.0,1.0,1.0,0.0,0.0,1.0,0.0,1.0,0.0
4352.0,4.0,1.0,2.0,1.0,0.0,0.0,0.0,0.0,0.0,0.0,0.0,1.0
9860.0,3.0,1.0,1.0,0.0,1.0,0.0,0.0,0.0,0.0,0.0,1.0,0.0
7155.0,3.0,2.0,1.0,2.0,1.0,1.0,1.0,0.0,1.0,0.0,0.0,1.0
3680.0,3.0,2.0,2.0,0.0,1.0,0.0,0.0,0.0,0.0,0.0,1.0,0.0
3500.0,2.0,1.0,1.0,0.0,1.0,0.0,0.0,0.0,0.0,0.0,0.0,1.0
6210.0,4.0,1.0,4.0,0.0,1.0,1.0,0.0,0.0,1.0,0.0,0.0,0.0
4400.0,2.0,1.0,1.0,1.0,1.0,0.0,0.0,0.0,0.0,0.0,1.0,0.0
10700.0,3.0,1.0,2.0,0.0,1.0,1.0,1.0,0.0,0.0,0.0,1.0,0.0
3640.0,2.0,1.0,1.0,0.0,1.0,0.0,0.0,0.0,0.0,0.0,0.0,1.0
1950.0,3.0,2.0,2.0,0.0,1.0,0.0,1.0,0.0,0.0,1.0,0.0,1.0
2640.0,2.0,1.0,1.0,1.0,0.0,0.0,0.0,0.0,0.0,0.0,0.0,0.0
4080.0,2.0,1.0,1.0,0.0,1.0,0.0,0.0,0.0,0.0,0.0,1.0,0.0
4046.0,3.0,1.0,2.0,1.0,1.0,0.0,1.0,0.0,0.0,0.0,1.0,0.0
4800.0,3.0,1.0,1.0,0.0,1.0,1.0,1.0,0.0,0.0,0.0,0.0,1.0
6000.0,4.0,1.0,3.0,0.0,1.0,1.0,1.0,0.0,0.0,1.0,0.0,1.0
3180.0,3.0,1.0,2.0,0.0,0.0,0.0,1.0,0.0,0.0,0.0,1.0,0.0
3960.0,3.0,1.0,1.0,2.0,1.0,0.0,1.0,0.0,0.0,0.0,1.0,0.0
3850.0,3.0,1.0,2.0,0.0,1.0,0.0,0.0,0.0,0.0,0.0,0.0,1.0
4050.0,2.0,1.0,2.0,0.0,1.0,1.0,1.0,0.0,0.0,1.0,0.0,1.0
4350.0,2.0,1.0,1.0,0.0,1.0,0.0,1.0,0.0,0.0,0.0,0.0,1.0
3090.0,3.0,1.0,2.0,0.0,0.0,0.0,0.0,0.0,0.0,0.0,1.0,0.0
7231.0,3.0,1.0,2.0,0.0,1.0,1.0,1.0,0.0,1.0,1.0,1.0,0.0
4320.0,3.0,1.0,2.0,2.0,1.0,0.0,1.0,1.0,0.0,0.0,1.0,0.0
6000.0,4.0,2.0,4.0,0.0,1.0,0.0,0.0,0.0,1.0,0.0,0.0,1.0
5450.0,4.0,2.0,1.0,0.0,1.0,0.0,1.0,0.0,1.0,1.0,1.0,0.0
4500.0,3.0,2.0,3.0,1.0,1.0,0.0,0.0,1.0,0.0,0.0,0.0,0.0
4040.0,2.0,1.0,1.0,0.0,1.0,0.0,0.0,0.0,0.0,0.0,0.0,1.0
5500.0,3.0,2.0,4.0,1.0,1.0,1.0,0.0,0.0,1.0,0.0,1.0,0.0
